Timestamp,Apdex Perf Zone,App ID,App Name,Database Call Count,Database Duration,Duration,Entity.GUID,Entity GUID,Error,External Call Count,External Duration,GUID,Host,Http.Status Code,Http Response Code,Name,Parent.Account,Parent.App,Parent.Transport Duration,Parent.Transport Type,Parent.Type,Parent ID,Parent Span ID,Port,Priority,Real Agent ID,Request.Headers.Accept,Request.Headers.Content Length,Request.Headers.Host,Request.Headers.User Agent,Request.Method,Request.URI,Response.Headers.Content Type,Sampled,Tags.Account,Tags.Account ID,Tags.Trusted Account ID,Total Time,Trace ID,Transaction Sub Type,Transaction Type
2022-07-23 14:03:13,T,544157489,employee-service,,,0.5297753,MzQwNjg4NXxBUE18QVBQTElDQVRJT058NTQ0MTU3NDg5,MzQwNjg4NXxBUE18QVBQTElDQVRJT058NTQ0MTU3NDg5,true,,,cc95893a08a8fd49,SANU-PC,500,500,WebTransaction/SpringController/employees (POST),3406885,544156790,0.047,HTTP,App,4e73d8153f6d7fb4,a3ccea80c276cc47,9000,1.72995,544159049,"application/json, application/*+json",122,localhost:9000,Java/11.0.3,POST,/employees,application/json,true,Account 3406885,3406885,3406885,0.5297753,afa979189d2ebd44c46851e7b9ddd17a,SpringController,Web
2022-07-23 14:03:12,T,544156790,employee-dashboard,,,1.0179801,MzQwNjg4NXxBUE18QVBQTElDQVRJT058NTQ0MTU2Nzkw,MzQwNjg4NXxBUE18QVBQTElDQVRJT058NTQ0MTU2Nzkw,true,1.0,0.57430524,4e73d8153f6d7fb4,SANU-PC,500,500,WebTransaction/SpringController/employees (POST),,,,HTTP,,,,8000,1.720995,544156241,*/*,151,localhost:8000,PostmanRuntime/7.28.4,POST,/employees/,application/json,true,Account 3406885,3406885,3406885,1.0179801,afa979189d2ebd44c46851e7b9ddd17a,SpringController,Web
2022-07-23 13:51:36,T,544157489,employee-service,1.0,0.0018361,0.7041264,MzQwNjg4NXxBUE18QVBQTElDQVRJT058NTQ0MTU3NDg5,MzQwNjg4NXxBUE18QVBQTElDQVRJT058NTQ0MTU3NDg5,false,,,292576081b7416e4,SANU-PC,200,200,WebTransaction/SpringController/employees/{id} (GET),3406885,544156790,0.001,HTTP,App,430e0a22d19f7f3e,80314f8091f3988e,9000,1.27956,544159049,"application/json, application/*+json",,localhost:9000,Java/11.0.3,GET,/employees/5,application/json,true,Account 3406885,3406885,3406885,0.7041264,5228396e7e47e76ad29434e62749e0cf,SpringController,Web
2022-07-23 13:51:36,T,544156790,employee-dashboard,,,0.7152852,MzQwNjg4NXxBUE18QVBQTElDQVRJT058NTQ0MTU2Nzkw,MzQwNjg4NXxBUE18QVBQTElDQVRJT058NTQ0MTU2Nzkw,false,1.0,0.6977297,430e0a22d19f7f3e,SANU-PC,200,200,WebTransaction/SpringController/employees/{id} (GET),,,,HTTP,,,,8000,1.279506,544156241,*/*,,localhost:8000,PostmanRuntime/7.28.4,GET,/employees/5,application/json,true,Account 3406885,3406885,3406885,0.7152852,5228396e7e47e76ad29434e62749e0cf,SpringController,Web
2022-07-23 13:45:34,F,544156790,employee-dashboard,,,3.5529797,MzQwNjg4NXxBUE18QVBQTElDQVRJT058NTQ0MTU2Nzkw,MzQwNjg4NXxBUE18QVBQTElDQVRJT058NTQ0MTU2Nzkw,false,1.0,0.0297057,e6b8a1aa21843ae2,SANU-PC,200,200,WebTransaction/SpringController/employees (GET),,,,HTTP,,,,8000,1.045843,544156241,*/*,,localhost:8000,PostmanRuntime/7.28.4,GET,/employees,application/json,true,Account 3406885,3406885,3406885,3.5529797,9a598c5aaf648f39a946f2dccb7082c0,SpringController,Web
2022-07-23 13:45:27,S,544156790,employee-dashboard,,,0.48722702,MzQwNjg4NXxBUE18QVBQTElDQVRJT058NTQ0MTU2Nzkw,MzQwNjg4NXxBUE18QVBQTElDQVRJT058NTQ0MTU2Nzkw,false,1.0,0.44847947,591d365f9dc18253,SANU-PC,200,200,WebTransaction/SpringController/employees/{id} (GET),,,,HTTP,,,,8000,1.154052,544156241,*/*,,localhost:8000,PostmanRuntime/7.28.4,GET,/employees/1,application/json,true,Account 3406885,3406885,3406885,0.48722702,f735fe89a495e368a619b9459e9f19ce,SpringController,Web
2022-07-23 13:41:10,S,544157489,employee-service,1.0,0.0009208,0.4634065,MzQwNjg4NXxBUE18QVBQTElDQVRJT058NTQ0MTU3NDg5,MzQwNjg4NXxBUE18QVBQTElDQVRJT058NTQ0MTU3NDg5,false,,,0ee2f622e570fbe1,SANU-PC,200,200,WebTransaction/SpringController/employees/{id} (GET),3406885,544156790,0.002,HTTP,App,468d906a0bf86683,f94ac81452a86a80,9000,1.049824,544159049,"application/json, application/*+json",,localhost:9000,Java/11.0.3,GET,/employees/1,application/json,true,Account 3406885,3406885,3406885,0.4634065,582e704b9714f76595fe20964360efde,SpringController,Web
2022-07-23 13:41:10,T,544156790,employee-dashboard,,,0.5491075,MzQwNjg4NXxBUE18QVBQTElDQVRJT058NTQ0MTU2Nzkw,MzQwNjg4NXxBUE18QVBQTElDQVRJT058NTQ0MTU2Nzkw,false,1.0,0.4641778,468d906a0bf86683,SANU-PC,200,200,WebTransaction/SpringController/employees/{id} (GET),,,,HTTP,,,,8000,1.049824,544156241,*/*,,localhost:8000,PostmanRuntime/7.28.4,GET,/employees/1,application/json,true,Account 3406885,3406885,3406885,0.5491075,582e704b9714f76595fe20964360efde,SpringController,Web
2022-07-23 13:41:00,T,544156790,employee-dashboard,,,0.847784,MzQwNjg4NXxBUE18QVBQTElDQVRJT058NTQ0MTU2Nzkw,MzQwNjg4NXxBUE18QVBQTElDQVRJT058NTQ0MTU2Nzkw,false,1.0,0.3968046,965cdf30e7300af6,SANU-PC,404,404,WebTransaction/SpringController/employees/{id} (GET),,,,HTTP,,,,8000,1.6974599,544156241,*/*,,localhost:8000,PostmanRuntime/7.28.4,GET,/employees/154,,true,Account 3406885,3406885,3406885,0.847784,058dae9653f48a41fffcf20b8c03b2cb,SpringController,Web
2022-07-23 13:40:59,T,544156790,employee-dashboard,,,0.83158094,MzQwNjg4NXxBUE18QVBQTElDQVRJT058NTQ0MTU2Nzkw,MzQwNjg4NXxBUE18QVBQTElDQVRJT058NTQ0MTU2Nzkw,false,1.0,0.45499012,aaba691b6f3915b2,SANU-PC,404,404,WebTransaction/SpringController/employees/{id} (GET),,,,HTTP,,,,8000,1.95638,544156241,*/*,,localhost:8000,PostmanRuntime/7.28.4,GET,/employees/154,,true,Account 3406885,3406885,3406885,0.83158094,231086b79bf3c317c7167ee161c3729a,SpringController,Web
2022-07-23 13:40:55,T,544156790,employee-dashboard,,,0.8829732,MzQwNjg4NXxBUE18QVBQTElDQVRJT058NTQ0MTU2Nzkw,MzQwNjg4NXxBUE18QVBQTElDQVRJT058NTQ0MTU2Nzkw,false,1.0,0.4228404,7411420d993a6c3f,SANU-PC,404,404,WebTransaction/SpringController/employees/{id} (GET),,,,HTTP,,,,8000,1.617058,544156241,*/*,,localhost:8000,PostmanRuntime/7.28.4,GET,/employees/154,,true,Account 3406885,3406885,3406885,0.8829732,4db9215797537c204a0f923b980fbfb3,SpringController,Web
2022-07-23 13:11:47,F,544156790,employee-dashboard,,,3.1407502,MzQwNjg4NXxBUE18QVBQTElDQVRJT058NTQ0MTU2Nzkw,MzQwNjg4NXxBUE18QVBQTElDQVRJT058NTQ0MTU2Nzkw,false,1.0,0.035566,4afd5785ac01a8a5,SANU-PC,200,200,WebTransaction/SpringController/employees (GET),,,,HTTP,,,,8000,1.339305,544156241,*/*,,localhost:8000,PostmanRuntime/7.28.4,GET,/employees,application/json,true,Account 3406885,3406885,3406885,3.1407502,f6c56d541ae8fb3f2c5073298210d4df,SpringController,Web
2022-07-23 13:07:51,F,544157489,employee-service,3.0,0.20403649,5.079886,MzQwNjg4NXxBUE18QVBQTElDQVRJT058NTQ0MTU3NDg5,MzQwNjg4NXxBUE18QVBQTElDQVRJT058NTQ0MTU3NDg5,false,,,866b36bc26d00f19,SANU-PC,200,200,WebTransaction/SpringController/employees/{id} (DELETE),3406885,544156790,0.001,HTTP,App,b867193f2bd3c11a,ef9304cd5dfd3973,9000,1.35384,544159049,*/*,,localhost:9000,Java/11.0.3,DELETE,/employees/23,,true,Account 3406885,3406885,3406885,5.079886,ff678692a1b3562759035d28b7b9e18b,SpringController,Web
2022-07-23 13:07:51,F,544156790,employee-dashboard,,,5.5958843,MzQwNjg4NXxBUE18QVBQTElDQVRJT058NTQ0MTU2Nzkw,MzQwNjg4NXxBUE18QVBQTElDQVRJT058NTQ0MTU2Nzkw,false,1.0,5.3680296,b867193f2bd3c11a,SANU-PC,200,200,WebTransaction/SpringController/employees/{id} (DELETE),,,,HTTP,,,,8000,1.35384,544156241,*/*,151,localhost:8000,PostmanRuntime/7.28.4,DELETE,/employees/23,,true,Account 3406885,3406885,3406885,5.5958843,ff678692a1b3562759035d28b7b9e18b,SpringController,Web
2022-07-23 13:07:34,F,544157489,employee-service,1.0,0.1140608,2.3731406,MzQwNjg4NXxBUE18QVBQTElDQVRJT058NTQ0MTU3NDg5,MzQwNjg4NXxBUE18QVBQTElDQVRJT058NTQ0MTU3NDg5,true,,,7bab78cf43b7adc8,SANU-PC,500,500,WebTransaction/SpringController/employees/{id} (DELETE),3406885,544156790,0.032,HTTP,App,2155514a5e434186,0a90b04496b3de56,9000,1.488666,544159049,*/*,,localhost:9000,Java/11.0.3,DELETE,/employees/2,application/json,true,Account 3406885,3406885,3406885,2.3731406,12e348faedd522ca479ce9cd3f82ef75,SpringController,Web
2022-07-23 13:07:34,F,544156790,employee-dashboard,,,3.6700227,MzQwNjg4NXxBUE18QVBQTElDQVRJT058NTQ0MTU2Nzkw,MzQwNjg4NXxBUE18QVBQTElDQVRJT058NTQ0MTU2Nzkw,true,1.0,2.414193,2155514a5e434186,SANU-PC,500,500,WebTransaction/SpringController/employees/{id} (DELETE),,,,HTTP,,,,8000,1.488666,544156241,*/*,151,localhost:8000,PostmanRuntime/7.28.4,DELETE,/employees/2,application/json,true,Account 3406885,3406885,3406885,3.6700227,12e348faedd522ca479ce9cd3f82ef75,SpringController,Web
2022-07-23 11:52:13,F,544156790,employee-dashboard,,,3.2522175,MzQwNjg4NXxBUE18QVBQTElDQVRJT058NTQ0MTU2Nzkw,MzQwNjg4NXxBUE18QVBQTElDQVRJT058NTQ0MTU2Nzkw,false,1.0,0.13460231,45ba91e7f87d1d6e,SANU-PC,200,200,WebTransaction/SpringController/employees (GET),,,,HTTP,,,,8000,1.903962,544156241,*/*,,localhost:8000,PostmanRuntime/7.28.4,GET,/employees,application/json,true,Account 3406885,3406885,3406885,3.2522175,44570876c7f5bba83a2fde2f29f0c221,SpringController,Web
2022-07-23 11:52:08,F,544156790,employee-dashboard,,,3.2540753,MzQwNjg4NXxBUE18QVBQTElDQVRJT058NTQ0MTU2Nzkw,MzQwNjg4NXxBUE18QVBQTElDQVRJT058NTQ0MTU2Nzkw,false,1.0,0.1720448,1bd6c70449641664,SANU-PC,200,200,WebTransaction/SpringController/employees (GET),,,,HTTP,,,,8000,1.840157,544156241,*/*,,localhost:8000,PostmanRuntime/7.28.4,GET,/employees,application/json,true,Account 3406885,3406885,3406885,3.2540753,0dfdeced667a2aeb7b92c6306e323ece,SpringController,Web
2022-07-23 11:51:12,S,544156790,employee-dashboard,,,0.4986913,MzQwNjg4NXxBUE18QVBQTElDQVRJT058NTQ0MTU2Nzkw,MzQwNjg4NXxBUE18QVBQTElDQVRJT058NTQ0MTU2Nzkw,false,1.0,0.2557993,78da639ac15b6c77,SANU-PC,200,200,WebTransaction/SpringController/employees (GET),,,,HTTP,,,,8000,1.598103,544156241,*/*,,localhost:8000,PostmanRuntime/7.28.4,GET,/employees,application/json,true,Account 3406885,3406885,3406885,0.4986913,f7d336b6d56c2d1062383c545e25169e,SpringController,Web
2022-07-23 11:51:06,F,544156790,employee-dashboard,,,3.2866125,MzQwNjg4NXxBUE18QVBQTElDQVRJT058NTQ0MTU2Nzkw,MzQwNjg4NXxBUE18QVBQTElDQVRJT058NTQ0MTU2Nzkw,false,1.0,0.2330798,383a084b64aed8e3,SANU-PC,200,200,WebTransaction/SpringController/employees (GET),,,,HTTP,,,,8000,1.5553429,544156241,*/*,,localhost:8000,PostmanRuntime/7.28.4,GET,/employees,application/json,true,Account 3406885,3406885,3406885,3.2866125,7306241009c2a9baaaa623f7e008e307,SpringController,Web
2022-07-23 11:50:59,F,544156790,employee-dashboard,,,3.2598538,MzQwNjg4NXxBUE18QVBQTElDQVRJT058NTQ0MTU2Nzkw,MzQwNjg4NXxBUE18QVBQTElDQVRJT058NTQ0MTU2Nzkw,false,1.0,0.19761059,92598fd2ce6d5ba5,SANU-PC,200,200,WebTransaction/SpringController/employees (GET),,,,HTTP,,,,8000,1.7230949,544156241,*/*,,localhost:8000,PostmanRuntime/7.28.4,GET,/employees,application/json,true,Account 3406885,3406885,3406885,3.2598538,c4e52d239d652eb50187c490d2eb6d29,SpringController,Web
2022-07-23 11:50:45,F,544156790,employee-dashboard,,,3.155083,MzQwNjg4NXxBUE18QVBQTElDQVRJT058NTQ0MTU2Nzkw,MzQwNjg4NXxBUE18QVBQTElDQVRJT058NTQ0MTU2Nzkw,false,1.0,0.0991844,0e37822c677c2fbe,SANU-PC,200,200,WebTransaction/SpringController/employees (GET),,,,HTTP,,,,8000,1.758199,544156241,*/*,,localhost:8000,PostmanRuntime/7.28.4,GET,/employees,application/json,true,Account 3406885,3406885,3406885,3.155083,c4d66da752102b9a651bc1736a41d699,SpringController,Web
2022-07-23 11:50:41,F,544156790,employee-dashboard,,,3.2865572,MzQwNjg4NXxBUE18QVBQTElDQVRJT058NTQ0MTU2Nzkw,MzQwNjg4NXxBUE18QVBQTElDQVRJT058NTQ0MTU2Nzkw,false,1.0,0.0932901,a84c375c2b3565e7,SANU-PC,200,200,WebTransaction/SpringController/employees (GET),,,,HTTP,,,,8000,1.84603,544156241,*/*,,localhost:8000,PostmanRuntime/7.28.4,GET,/employees,application/json,true,Account 3406885,3406885,3406885,3.2865572,e61d96b7e3342631a58d43889717df20,SpringController,Web
2022-07-23 11:50:37,T,544156790,employee-dashboard,,,0.59995896,MzQwNjg4NXxBUE18QVBQTElDQVRJT058NTQ0MTU2Nzkw,MzQwNjg4NXxBUE18QVBQTElDQVRJT058NTQ0MTU2Nzkw,false,1.0,0.4539046,62c2e64447c780ac,SANU-PC,200,200,WebTransaction/SpringController/employees (GET),,,,HTTP,,,,8000,1.294095,544156241,*/*,,localhost:8000,PostmanRuntime/7.28.4,GET,/employees,application/json,true,Account 3406885,3406885,3406885,0.59995896,620225b6947872faac18b2e8c184fb95,SpringController,Web
2022-07-23 11:50:34,T,544157489,employee-service,1.0,0.0020996,0.56154597,MzQwNjg4NXxBUE18QVBQTElDQVRJT058NTQ0MTU3NDg5,MzQwNjg4NXxBUE18QVBQTElDQVRJT058NTQ0MTU3NDg5,false,,,472bd77189ff0303,SANU-PC,200,200,WebTransaction/SpringController/employees (GET),3406885,544156790,0.045,HTTP,App,2344752a3631a68d,7d215d6b6f21b97c,9000,1.86547,544159049,"text/plain, application/json, application/*+json, */*",,localhost:9000,Java/11.0.3,GET,/employees,application/json,true,Account 3406885,3406885,3406885,0.56154597,508a41c34161e84da1500423859230ba,SpringController,Web
2022-07-23 11:50:34,T,544156790,employee-dashboard,,,0.6834734,MzQwNjg4NXxBUE18QVBQTElDQVRJT058NTQ0MTU2Nzkw,MzQwNjg4NXxBUE18QVBQTElDQVRJT058NTQ0MTU2Nzkw,false,1.0,0.5832123,2344752a3631a68d,SANU-PC,200,200,WebTransaction/SpringController/employees (GET),,,,HTTP,,,,8000,1.8605471,544156241,*/*,,localhost:8000,PostmanRuntime/7.28.4,GET,/employees,application/json,true,Account 3406885,3406885,3406885,0.6834734,508a41c34161e84da1500423859230ba,SpringController,Web
2022-07-23 11:50:29,T,544157489,employee-service,1.0,0.0450582,1.5675496,MzQwNjg4NXxBUE18QVBQTElDQVRJT058NTQ0MTU3NDg5,MzQwNjg4NXxBUE18QVBQTElDQVRJT058NTQ0MTU3NDg5,false,,,1bc289de2025f8f4,SANU-PC,200,200,WebTransaction/SpringController/employees (GET),3406885,544156790,0.809,HTTP,App,f88c375c4666a1a7,4b57a69d7a65f2ec,9000,1.47275,544159049,"text/plain, application/json, application/*+json, */*",,localhost:9000,Java/11.0.3,GET,/employees,application/json,true,Account 3406885,3406885,3406885,1.5675496,168e7dede143d4ca74b4019498e92440,SpringController,Web
2022-07-23 11:50:27,F,544156790,employee-dashboard,,,4.0407586,MzQwNjg4NXxBUE18QVBQTElDQVRJT058NTQ0MTU2Nzkw,MzQwNjg4NXxBUE18QVBQTElDQVRJT058NTQ0MTU2Nzkw,false,1.0,2.267923,f88c375c4666a1a7,SANU-PC,200,200,WebTransaction/SpringController/employees (GET),,,,HTTP,,,,8000,1.470275,544156241,*/*,,localhost:8000,PostmanRuntime/7.28.4,GET,/employees,application/json,true,Account 3406885,3406885,3406885,4.0407586,168e7dede143d4ca74b4019498e92440,SpringController,Web
2022-07-23 10:47:15,F,544156790,employee-dashboard,,,3.052498,MzQwNjg4NXxBUE18QVBQTElDQVRJT058NTQ0MTU2Nzkw,MzQwNjg4NXxBUE18QVBQTElDQVRJT058NTQ0MTU2Nzkw,false,1.0,0.0202245,98002427b9badbb3,SANU-PC,200,200,WebTransaction/SpringController/employees (GET),,,,HTTP,,,,8000,1.5125971,544156241,*/*,,localhost:8000,PostmanRuntime/7.28.4,GET,/employees,application/json,true,Account 3406885,3406885,3406885,3.052498,e408adbe7fe840bc40fe356a3520cb8c,SpringController,Web
2022-07-23 10:47:06,F,544156790,employee-dashboard,,,3.132012,MzQwNjg4NXxBUE18QVBQTElDQVRJT058NTQ0MTU2Nzkw,MzQwNjg4NXxBUE18QVBQTElDQVRJT058NTQ0MTU2Nzkw,false,1.0,0.069344096,af928c9f02504e97,SANU-PC,200,200,WebTransaction/SpringController/employees (GET),,,,HTTP,,,,8000,1.149529,544156241,*/*,,localhost:8000,PostmanRuntime/7.28.4,GET,/employees,application/json,true,Account 3406885,3406885,3406885,3.132012,c9586d935970709fb9c348c733fb4d54,SpringController,Web
2022-07-23 10:18:14,F,544156790,employee-dashboard,,,3.0758977,MzQwNjg4NXxBUE18QVBQTElDQVRJT058NTQ0MTU2Nzkw,MzQwNjg4NXxBUE18QVBQTElDQVRJT058NTQ0MTU2Nzkw,false,1.0,0.0394421,e8523891d959a636,SANU-PC,200,200,WebTransaction/SpringController/employees (GET),,,,HTTP,,,,8000,1.480331,544156241,*/*,,localhost:8000,PostmanRuntime/7.28.4,GET,/employees,application/json,true,Account 3406885,3406885,3406885,3.0758977,dc5784bcc692b62c4e0da02616054980,SpringController,Web
2022-07-23 10:17:28,F,544156790,employee-dashboard,,,3.0555663,MzQwNjg4NXxBUE18QVBQTElDQVRJT058NTQ0MTU2Nzkw,MzQwNjg4NXxBUE18QVBQTElDQVRJT058NTQ0MTU2Nzkw,false,1.0,0.0263642,c394dfff24808c6e,SANU-PC,200,200,WebTransaction/SpringController/employees (GET),,,,HTTP,,,,8000,1.344018,544156241,*/*,,localhost:8000,PostmanRuntime/7.28.4,GET,/employees,application/json,true,Account 3406885,3406885,3406885,3.0555663,c614649d3a831aa0b495d5e2d4d65b81,SpringController,Web
2022-07-23 10:17:24,F,544156790,employee-dashboard,,,3.0371766,MzQwNjg4NXxBUE18QVBQTElDQVRJT058NTQ0MTU2Nzkw,MzQwNjg4NXxBUE18QVBQTElDQVRJT058NTQ0MTU2Nzkw,false,1.0,0.0204145,89c12e146ab20f6d,SANU-PC,200,200,WebTransaction/SpringController/employees (GET),,,,HTTP,,,,8000,1.234797,544156241,*/*,,localhost:8000,PostmanRuntime/7.28.4,GET,/employees,application/json,true,Account 3406885,3406885,3406885,3.0371766,9818806e5234554265465141e69c31d6,SpringController,Web
2022-07-23 10:17:20,F,544156790,employee-dashboard,,,3.040764,MzQwNjg4NXxBUE18QVBQTElDQVRJT058NTQ0MTU2Nzkw,MzQwNjg4NXxBUE18QVBQTElDQVRJT058NTQ0MTU2Nzkw,false,1.0,0.0199709,060fe93e6bca501c,SANU-PC,200,200,WebTransaction/SpringController/employees (GET),,,,HTTP,,,,8000,1.9825699,544156241,*/*,,localhost:8000,PostmanRuntime/7.28.4,GET,/employees,application/json,true,Account 3406885,3406885,3406885,3.040764,04f24bb3173448f142d8a5241b9de253,SpringController,Web
2022-07-23 10:10:56,F,544156790,employee-dashboard,,,3.0782566,MzQwNjg4NXxBUE18QVBQTElDQVRJT058NTQ0MTU2Nzkw,MzQwNjg4NXxBUE18QVBQTElDQVRJT058NTQ0MTU2Nzkw,false,1.0,0.0350025,91b2b4844ad07da2,SANU-PC,200,200,WebTransaction/SpringController/employees (GET),,,,HTTP,,,,8000,1.007511,544156241,*/*,,localhost:8000,PostmanRuntime/7.28.4,GET,/employees,application/json,true,Account 3406885,3406885,3406885,3.0782566,332bb032fd86a99609fcd519c27fb1eb,SpringController,Web
2022-07-23 09:03:14,F,544156790,employee-dashboard,,,3.057014,MzQwNjg4NXxBUE18QVBQTElDQVRJT058NTQ0MTU2Nzkw,MzQwNjg4NXxBUE18QVBQTElDQVRJT058NTQ0MTU2Nzkw,false,1.0,0.0194994,e8bacf55c70d8003,SANU-PC,200,200,WebTransaction/SpringController/employees (GET),,,,HTTP,,,,8000,1.6396639,544156241,*/*,,localhost:8000,PostmanRuntime/7.28.4,GET,/employees,application/json,true,Account 3406885,3406885,3406885,3.057014,b085d4ab7fb1afc1371d9cc2397b203e,SpringController,Web
2022-07-23 09:03:08,F,544156790,employee-dashboard,,,3.0506437,MzQwNjg4NXxBUE18QVBQTElDQVRJT058NTQ0MTU2Nzkw,MzQwNjg4NXxBUE18QVBQTElDQVRJT058NTQ0MTU2Nzkw,false,1.0,0.018396,a1199d8f5ace7968,SANU-PC,200,200,WebTransaction/SpringController/employees (GET),,,,HTTP,,,,8000,1.845739,544156241,*/*,,localhost:8000,PostmanRuntime/7.28.4,GET,/employees,application/json,true,Account 3406885,3406885,3406885,3.0506437,f1bd7cca9293d95676b4783faf57f4a6,SpringController,Web
2022-07-23 09:03:02,F,544156790,employee-dashboard,,,3.0519872,MzQwNjg4NXxBUE18QVBQTElDQVRJT058NTQ0MTU2Nzkw,MzQwNjg4NXxBUE18QVBQTElDQVRJT058NTQ0MTU2Nzkw,false,1.0,0.0191874,531ee3be7b11e548,SANU-PC,200,200,WebTransaction/SpringController/employees (GET),,,,HTTP,,,,8000,1.281028,544156241,*/*,,localhost:8000,PostmanRuntime/7.28.4,GET,/employees,application/json,true,Account 3406885,3406885,3406885,3.0519872,17341047980ac39f8ad705269f044de5,SpringController,Web
2022-07-23 09:02:55,F,544156790,employee-dashboard,,,3.0824692,MzQwNjg4NXxBUE18QVBQTElDQVRJT058NTQ0MTU2Nzkw,MzQwNjg4NXxBUE18QVBQTElDQVRJT058NTQ0MTU2Nzkw,false,1.0,0.0494936,a1a309085f960330,SANU-PC,200,200,WebTransaction/SpringController/employees (GET),,,,HTTP,,,,8000,1.812847,544156241,*/*,,localhost:8000,PostmanRuntime/7.28.4,GET,/employees,application/json,true,Account 3406885,3406885,3406885,3.0824692,a57e68bdd222f4f45564309d4ce62782,SpringController,Web
2022-07-23 09:02:49,F,544156790,employee-dashboard,,,3.0656097,MzQwNjg4NXxBUE18QVBQTElDQVRJT058NTQ0MTU2Nzkw,MzQwNjg4NXxBUE18QVBQTElDQVRJT058NTQ0MTU2Nzkw,false,1.0,0.0276516,cfde971015a73e61,SANU-PC,200,200,WebTransaction/SpringController/employees (GET),,,,HTTP,,,,8000,1.46068,544156241,*/*,,localhost:8000,PostmanRuntime/7.28.4,GET,/employees,application/json,true,Account 3406885,3406885,3406885,3.0656097,73a6cd27eec06b63abed868300ba90b4,SpringController,Web
2022-07-23 09:01:55,T,544157489,employee-service,2.0,0.0616282,0.5765462,MzQwNjg4NXxBUE18QVBQTElDQVRJT058NTQ0MTU3NDg5,MzQwNjg4NXxBUE18QVBQTElDQVRJT058NTQ0MTU3NDg5,true,,,6a43cd26f4f464ef,SANU-PC,500,500,WebTransaction/SpringController/employees/{id} (PUT),3406885,544156790,0.003,HTTP,App,51e2108565a0bae6,aa8d2c57d7e37881,9000,1.225774,544159049,*/*,123,localhost:9000,Java/11.0.3,PUT,/employees/1,application/json,true,Account 3406885,3406885,3406885,0.5765462,0b734f69f00caf5d000fdec4e2e4498a,SpringController,Web
2022-07-23 09:01:55,T,544156790,employee-dashboard,,,0.6529895,MzQwNjg4NXxBUE18QVBQTElDQVRJT058NTQ0MTU2Nzkw,MzQwNjg4NXxBUE18QVBQTElDQVRJT058NTQ0MTU2Nzkw,true,1.0,0.5774933,51e2108565a0bae6,SANU-PC,500,500,WebTransaction/SpringController/employees/{id} (PUT),,,,HTTP,,,,8000,1.225774,544156241,*/*,151,localhost:8000,PostmanRuntime/7.28.4,PUT,/employees/1,application/json,true,Account 3406885,3406885,3406885,0.6529895,0b734f69f00caf5d000fdec4e2e4498a,SpringController,Web
2022-07-23 09:01:27,S,544157489,employee-service,1.0,0.0719796,0.46848062,MzQwNjg4NXxBUE18QVBQTElDQVRJT058NTQ0MTU3NDg5,MzQwNjg4NXxBUE18QVBQTElDQVRJT058NTQ0MTU3NDg5,false,,,240b4df1ee9b8b90,SANU-PC,200,200,WebTransaction/SpringController/employees (POST),3406885,544156790,0.005,HTTP,App,16e4009311f87436,8892b43085b26fe9,9000,1.453278,544159049,"application/json, application/*+json",122,localhost:9000,Java/11.0.3,POST,/employees,application/json,true,Account 3406885,3406885,3406885,0.46848062,68932a2ed0b672809f543ec67a9fbacb,SpringController,Web
2022-07-23 09:01:27,S,544156790,employee-dashboard,,,0.4883975,MzQwNjg4NXxBUE18QVBQTElDQVRJT058NTQ0MTU2Nzkw,MzQwNjg4NXxBUE18QVBQTElDQVRJT058NTQ0MTU2Nzkw,false,1.0,0.4693151,16e4009311f87436,SANU-PC,200,200,WebTransaction/SpringController/employees (POST),,,,HTTP,,,,8000,1.4532781,544156241,*/*,151,localhost:8000,PostmanRuntime/7.28.4,POST,/employees/,application/json,true,Account 3406885,3406885,3406885,0.4883975,68932a2ed0b672809f543ec67a9fbacb,SpringController,Web
2022-07-23 08:52:25,T,544157489,employee-service,,,1.0351377,MzQwNjg4NXxBUE18QVBQTElDQVRJT058NTQ0MTU3NDg5,MzQwNjg4NXxBUE18QVBQTElDQVRJT058NTQ0MTU3NDg5,true,,,47b897a386270a8c,SANU-PC,500,500,WebTransaction/SpringController/employees (POST),3406885,544156790,0.007,HTTP,App,c3e609fecf72d3b6,ccdcb6828cd9c4e9,9000,1.889781,544159049,"application/json, application/*+json",114,localhost:9000,Java/11.0.3,POST,/employees,application/json,true,Account 3406885,3406885,3406885,1.0351377,d19854ba50863ff6463d4408b0b5b57a,SpringController,Web
2022-07-23 08:52:25,T,544156790,employee-dashboard,,,1.1795101,MzQwNjg4NXxBUE18QVBQTElDQVRJT058NTQ0MTU2Nzkw,MzQwNjg4NXxBUE18QVBQTElDQVRJT058NTQ0MTU2Nzkw,true,1.0,1.037484,c3e609fecf72d3b6,SANU-PC,500,500,WebTransaction/SpringController/employees (POST),,,,HTTP,,,,8000,1.889781,544156241,*/*,143,localhost:8000,PostmanRuntime/7.28.4,POST,/employees/,application/json,true,Account 3406885,3406885,3406885,1.1795101,d19854ba50863ff6463d4408b0b5b57a,SpringController,Web
2022-07-23 08:51:04,T,544157489,employee-service,1.0,0.3543315,1.9356865,MzQwNjg4NXxBUE18QVBQTElDQVRJT058NTQ0MTU3NDg5,MzQwNjg4NXxBUE18QVBQTElDQVRJT058NTQ0MTU3NDg5,false,,,76eb859c63c2bed8,SANU-PC,200,200,WebTransaction/SpringController/employees (POST),3406885,544156790,0.013,HTTP,App,b7aaad8ba7c499c9,7d9f7e4661925bb5,9000,1.24941,544159049,"application/json, application/*+json",115,localhost:9000,Java/11.0.3,POST,/employees,application/json,true,Account 3406885,3406885,3406885,1.9356865,36856475198b5a7cc953fe10ccaa28f8,SpringController,Web
2022-07-23 08:51:03,F,544156790,employee-dashboard,,,2.3190124,MzQwNjg4NXxBUE18QVBQTElDQVRJT058NTQ0MTU2Nzkw,MzQwNjg4NXxBUE18QVBQTElDQVRJT058NTQ0MTU2Nzkw,false,1.0,1.9279426,b7aaad8ba7c499c9,SANU-PC,200,200,WebTransaction/SpringController/employees (POST),,,,HTTP,,,,8000,1.240941,544156241,*/*,143,localhost:8000,PostmanRuntime/7.28.4,POST,/employees/,application/json,true,Account 3406885,3406885,3406885,2.3190124,36856475198b5a7cc953fe10ccaa28f8,SpringController,Web
2022-07-23 08:49:48,F,544156790,employee-dashboard,,,3.1383603,MzQwNjg4NXxBUE18QVBQTElDQVRJT058NTQ0MTU2Nzkw,MzQwNjg4NXxBUE18QVBQTElDQVRJT058NTQ0MTU2Nzkw,false,1.0,0.0645385,cfc28f25dc13a8a8,SANU-PC,200,200,WebTransaction/SpringController/employees (GET),,,,HTTP,,,,8000,1.6550989,544156241,*/*,,localhost:8000,PostmanRuntime/7.28.4,GET,/employees,application/json,true,Account 3406885,3406885,3406885,3.1383603,b8693e5a2ec11eece2e274e781b88ee6,SpringController,Web
2022-07-23 08:46:08,T,544157489,employee-service,1.0,0.2802813,1.30117,MzQwNjg4NXxBUE18QVBQTElDQVRJT058NTQ0MTU3NDg5,MzQwNjg4NXxBUE18QVBQTElDQVRJT058NTQ0MTU3NDg5,false,,,9dd654cbd0fa0da4,SANU-PC,200,200,WebTransaction/SpringController/employees (GET),3406885,544156790,0.3,HTTP,App,85b7bce3e0dbfcbe,93140253d3d124ad,9000,1.762558,544159049,"text/plain, application/json, application/*+json, */*",,localhost:9000,Java/11.0.3,GET,/employees,application/json,true,Account 3406885,3406885,3406885,1.30117,586342e429032f16a2d805d3dd2e5aba,SpringController,Web
2022-07-23 08:46:07,F,544156790,employee-dashboard,,,2.4928055,MzQwNjg4NXxBUE18QVBQTElDQVRJT058NTQ0MTU2Nzkw,MzQwNjg4NXxBUE18QVBQTElDQVRJT058NTQ0MTU2Nzkw,false,1.0,1.564279,85b7bce3e0dbfcbe,SANU-PC,200,200,WebTransaction/SpringController/employees (GET),,,,HTTP,,,,8000,1.762558,544156241,"text/html,application/xhtml+xml,application/xml;q=0.9,image/avif,image/webp,image/apng,*/*;q=0.8,application/signed-exchange;v=b3;q=0.9",,192.168.1.18:8000,"Mozilla/5.0 (Macintosh; Intel Mac OS X 10_15_7) AppleWebKit/537.36 (KHTML, like Gecko) Chrome/103.0.0.0 Safari/537.36",GET,/employees,application/json,true,Account 3406885,3406885,3406885,2.4928055,586342e429032f16a2d805d3dd2e5aba,SpringController,Web
2022-07-23 07:49:33,F,544156790,employee-dashboard,,,3.06958,MzQwNjg4NXxBUE18QVBQTElDQVRJT058NTQ0MTU2Nzkw,MzQwNjg4NXxBUE18QVBQTElDQVRJT058NTQ0MTU2Nzkw,false,1.0,0.0282428,374e83fec0314722,SANU-PC,200,200,WebTransaction/SpringController/employees (GET),,,,HTTP,,,,8000,1.433701,544156241,*/*,,localhost:8000,PostmanRuntime/7.28.4,GET,/employees,application/json,true,,,,3.06958,d16be670f9f86a2dd5cd0a8e7222651b,SpringController,Web
2022-07-23 07:49:24,F,544156790,employee-dashboard,,,3.0680149,MzQwNjg4NXxBUE18QVBQTElDQVRJT058NTQ0MTU2Nzkw,MzQwNjg4NXxBUE18QVBQTElDQVRJT058NTQ0MTU2Nzkw,false,1.0,0.0287441,4761ce3e786306da,SANU-PC,200,200,WebTransaction/SpringController/employees (GET),,,,HTTP,,,,8000,1.968725,544156241,*/*,,localhost:8000,PostmanRuntime/7.28.4,GET,/employees,application/json,true,,,,3.0680149,5bc93e434e0c5c56bbb39e29ddf288d6,SpringController,Web
2022-07-23 07:49:19,F,544156790,employee-dashboard,,,3.0507083,MzQwNjg4NXxBUE18QVBQTElDQVRJT058NTQ0MTU2Nzkw,MzQwNjg4NXxBUE18QVBQTElDQVRJT058NTQ0MTU2Nzkw,false,1.0,0.0193842,71209d5209f8ccbe,SANU-PC,200,200,WebTransaction/SpringController/employees (GET),,,,HTTP,,,,8000,1.115236,544156241,*/*,,localhost:8000,PostmanRuntime/7.28.4,GET,/employees,application/json,true,,,,3.0507083,da65588b4fb44c6e3112dc2502bb8e1e,SpringController,Web
2022-07-23 07:49:08,T,544157489,employee-service,1.0,0.0023865,0.8937655,MzQwNjg4NXxBUE18QVBQTElDQVRJT058NTQ0MTU3NDg5,MzQwNjg4NXxBUE18QVBQTElDQVRJT058NTQ0MTU3NDg5,false,,,a99d42d8d1a1951b,SANU-PC,200,200,WebTransaction/SpringController/employees (GET),3406885,544156790,0.279,HTTP,App,4f2d52a7aec65c49,18afcde0ff217dab,9000,1.82733,544159049,"text/plain, application/json, application/*+json, */*",,localhost:9000,Java/11.0.3,GET,/employees,application/json,true,,,,0.8937655,7f4aad26496eddcbac034839a2a717ae,SpringController,Web
2022-07-23 07:49:07,F,544156790,employee-dashboard,,,4.918521,MzQwNjg4NXxBUE18QVBQTElDQVRJT058NTQ0MTU2Nzkw,MzQwNjg4NXxBUE18QVBQTElDQVRJT058NTQ0MTU2Nzkw,false,1.0,1.1218821,4f2d52a7aec65c49,SANU-PC,200,200,WebTransaction/SpringController/employees (GET),,,,HTTP,,,,8000,1.82733,544156241,*/*,,localhost:8000,PostmanRuntime/7.28.4,GET,/employees,application/json,true,,,,4.918521,7f4aad26496eddcbac034839a2a717ae,SpringController,Web
